{
    "epoch": 24.9,
    "eval_f1": 0.28514905149051495,
    "eval_loss": 1.075202465057373,
    "eval_prec": 0.3433333333333334,
    "eval_rec": 0.2583333333333333,
    "eval_runtime": 6.4742,
    "eval_samples_per_second": 7.723,
    "eval_steps_per_second": 0.309,
    "train_loss": 9.14341354591259,
    "train_runtime": 38806.9887,
    "train_samples_per_second": 5.712,
    "train_steps_per_second": 0.089
}