{
    "epoch": 14.94,
    "eval_f1": 0.7598753530150325,
    "eval_loss": 2.3472235202789307,
    "eval_prec": 0.7974566219461444,
    "eval_rec": 0.7369518152417394,
    "eval_runtime": 23.5408,
    "eval_samples_per_second": 41.885,
    "eval_steps_per_second": 10.492,
    "test_f1": 0.2867401014459838,
    "test_loss": 1.590612769126892,
    "test_prec": 0.3261904761904762,
    "test_rec": 0.25880952380952377,
    "test_runtime": 2.0089,
    "test_samples_per_second": 24.889,
    "test_steps_per_second": 1.991,
    "train_loss": 10.224048323331823,
    "train_runtime": 17124.8275,
    "train_samples_per_second": 7.766,
    "train_steps_per_second": 0.121
}