{
    "comm": [
        0,
        1,
        7,
        9,
        12,
        13,
        16,
        17,
        19,
        22,
        23,
        25,
        26,
        27,
        28,
        30,
        32,
        33
    ],
    "Q": [
        0.0,
        0.016383238653716936,
        0.009796837288509452,
        0.011993830470262059,
        0.011904761904761904,
        0.006068337147862587,
        0.012753651061986025,
        0.08064516129032258,
        0.09886363636363636,
        0.016057524042733255,
        0.09303247346725607,
        0.012943663600457195,
        0.025690832509014327,
        0.0013020833333333333,
        0.009046402724563644,
        0.014590310973946056,
        0.2733333333333333,
        0.0010245901639344263
    ],
    "R": [
        0.010309278350515469,
        0.009971479615387283,
        0.010110515501400746,
        0.010021312401252123,
        0.010082604470359573,
        0.01040784391266263,
        0.00989917872354454,
        0.009381171823568131,
        0.008270852858481725,
        0.009505358706837786,
        0.009254770678905544,
        0.009949805127635257,
        0.009941930280520265,
        0.010282431271477665,
        0.010122754582998687,
        0.009811377786627136,
        0.00741496598639456,
        0.010384648224043712
    ],
    "F": [
        0.016760828625235407,
        0.11605250186227767,
        0.13472861808539258,
        0.3404713215234968,
        0.19190921068391423,
        0.2730087872680116,
        0.31376119971705035,
        0.24362050163576882,
        0.2736565361268449,
        0.31949159042537495,
        0.15788388869804193,
        0.1488220514097263,
        0.11912327979964243,
        0.28154245561670244,
        0.20010362275359914,
        0.35400051044292524,
        0.3211281543790203,
        0.10618550743741556
    ]
}