{
    "test_f1": 0.2039190967762396,
    "test_loss": 4.775073051452637,
    "test_prec": 0.2568985507246377,
    "test_rec": 0.1854652732888027,
    "test_runtime": 3.6033,
    "test_samples_per_second": 13.876,
    "test_steps_per_second": 3.608
}