{
    "epoch": 15.0,
    "test_f1": 0.19454999146455165,
    "test_loss": 5.445548057556152,
    "test_prec": 0.2677450980392157,
    "test_rec": 0.1725028190763485,
    "test_runtime": 2.96,
    "test_samples_per_second": 16.892,
    "test_steps_per_second": 1.351,
    "train_loss": 23.39473650355539,
    "train_runtime": 70327.1745,
    "train_samples_per_second": 9.118,
    "train_steps_per_second": 0.142
}