{
    "epoch": 15.0,
    "eval_c-f1": 0.5090233560873589,
    "eval_c-prec": 0.4117245549996939,
    "eval_c-rec": 0.6920187568884205,
    "eval_f1": 0.3530587153866203,
    "eval_loss": 7.390868663787842,
    "eval_prec": 0.3673583646082044,
    "eval_rec": 0.38805004007784555,
    "eval_runtime": 669.5001,
    "eval_samples_per_second": 19.446,
    "eval_steps_per_second": 0.608,
    "test_c-f1": 0.42884678539850957,
    "test_c-prec": 0.39811399199697073,
    "test_c-rec": 0.4961678317465794,
    "test_f1": 0.25210801053092075,
    "test_loss": 7.338292121887207,
    "test_prec": 0.26250132275132276,
    "test_rec": 0.2749062163326869,
    "test_runtime": 9.5703,
    "test_samples_per_second": 5.225,
    "test_steps_per_second": 0.731,
    "train_loss": 29.940255280454714,
    "train_runtime": 208272.1916,
    "train_samples_per_second": 3.079,
    "train_steps_per_second": 0.048
}