{
    "comm": [
        0,
        1,
        7,
        9,
        12,
        13,
        16,
        17,
        19,
        22,
        23,
        25,
        26,
        27,
        28,
        30,
        32,
        33
    ],
    "Q": [
        0.0006226650062266501,
        0.011998418258969535,
        0.012318343505339698,
        0.01545835780163021,
        0.004975124378109453,
        0.006867060989090896,
        0.010869104485662404,
        0.04213551859099804,
        0.017836880336532742,
        0.005277377258893478,
        0.037112010796221326,
        0.01603153797685212,
        0.01567385356956748,
        0.0019064880165862034,
        0.007008539312352738,
        0.012963747136300262,
        0.08513513513513514,
        0.011750325228126832
    ],
    "R": [
        0.01029643989677883,
        0.01006188828332022,
        0.0100317184321248,
        0.009875437566247144,
        0.010153315057366228,
        0.010347071446482213,
        0.010042568136960474,
        0.009774127361316344,
        0.009941507621927158,
        0.010583373385221766,
        0.009825387644936519,
        0.009785556490592975,
        0.010044144351330948,
        0.01026996931924564,
        0.010164772385312318,
        0.009916317389055898,
        0.009335355763927189,
        0.010049469003287704
    ],
    "F": [
        0.0793126905464138,
        0.32941085199149717,
        0.3326921424509049,
        0.44922537468225693,
        0.29793459552495694,
        0.39293074155115437,
        0.41151058698068316,
        0.34989724016441576,
        0.35448482552641725,
        0.4631618224359304,
        0.28194552737112366,
        0.313751275865376,
        0.2594558932216843,
        0.3913579994678752,
        0.37492660548146806,
        0.45385345650831344,
        0.4175062050876299,
        0.29339758999756055
    ]
}