{
    "epoch": 14.92,
    "eval_f1": 0.29498556998557,
    "eval_loss": 1.886284589767456,
    "eval_prec": 0.33268796992481203,
    "eval_rec": 0.2664285714285714,
    "eval_runtime": 1.6894,
    "eval_samples_per_second": 29.596,
    "eval_steps_per_second": 2.368,
    "train_loss": 2.8378314720835665,
    "train_runtime": 21114.5921,
    "train_samples_per_second": 6.298,
    "train_steps_per_second": 0.098
}