{
    "test_f1": 0.26584848484848483,
    "test_loss": 1.7793965339660645,
    "test_prec": 0.33233333333333337,
    "test_rec": 0.2713596387272858,
    "test_runtime": 7.6085,
    "test_samples_per_second": 6.572,
    "test_steps_per_second": 0.526
}