{
    "comm": [
        0,
        1,
        7,
        9,
        12,
        13,
        16,
        17,
        19,
        22,
        23,
        25,
        26,
        27,
        28,
        30,
        32,
        33
    ],
    "Q": [
        0.00316203536833416,
        0.014989903377764766,
        0.012059502078257924,
        0.013272378978730846,
        0.001893939393939394,
        0.009886425269163678,
        0.009821122291737113,
        0.017099333342446902,
        0.019119525688875948,
        0.010090574185028556,
        0.03657633729386156,
        0.012817414535338967,
        0.019040105802414588,
        0.0019680363788412217,
        0.004791176633468284,
        0.010146314641206033,
        0.06475686699381811,
        0.017908398445108404
    ],
    "R": [
        0.010244081744982807,
        0.010000208177778044,
        0.010039807226721107,
        0.009967478779842902,
        0.010184755720470003,
        0.010117337207781019,
        0.010122305912585217,
        0.010029598639362775,
        0.009915061326002549,
        0.010102053692608259,
        0.00983085370108305,
        0.009956520503439415,
        0.010009794838750873,
        0.010268700280848631,
        0.010210491203433635,
        0.010098087227449077,
        0.009543297275573279,
        0.00985702921525703
    ],
    "F": [
        0.07975975314361909,
        0.2099295127059833,
        0.32498404074940723,
        0.3863306488864048,
        0.21280728540840388,
        0.32898734875877417,
        0.36593894680780253,
        0.3337648858297826,
        0.3805633377814852,
        0.37190077074077155,
        0.3386828451742389,
        0.31636753368747295,
        0.36425443739616586,
        0.35124028591028383,
        0.3127816284501377,
        0.4326793914504118,
        0.44984025217716517,
        0.27973601896027633
    ]
}